timestamp,gateway_address,schedule_id,connected_nodes,avg_latency_ms,avg_pdr_downlink_radio,avg_pdr_uplink_radio,latest_node_tx_count,latest_node_rx_count,latest_gw_tx_count,latest_gw_rx_count
2025-09-11T17:38:33.341727,0x24374C76B5CF8604,1,0,0,0,0,0,0,0,0
2025-09-11T17:38:34.353468,0x24374C76B5CF8604,1,4,0,0,0,0,0,0,0
2025-09-11T17:38:35.372018,0x24374C76B5CF8604,1,12,0,0,0,0,0,0,0
2025-09-11T17:38:36.392375,0x24374C76B5CF8604,1,29,24.79,0.14,0.14,4,4,4,4
2025-09-11T17:38:37.434705,0x24374C76B5CF8604,1,34,50.33,0.21,0.21,7,7,7,7
2025-09-11T17:38:38.479634,0x24374C76B5CF8604,1,36,55.62,0.25,0.25,9,9,9,9
2025-09-11T17:38:39.518728,0x24374C76B5CF8604,1,37,63.96,0.3,0.3,21,21,21,21
2025-09-11T17:38:40.552460,0x24374C76B5CF8604,1,36,82.32,0.44,0.44,26,26,26,26
2025-09-11T17:38:41.579172,0x24374C76B5CF8604,1,37,142.3,0.78,0.78,39,39,39,39
2025-09-11T17:38:42.622170,0x24374C76B5CF8604,1,39,152.18,0.79,0.79,49,49,49,49
2025-09-11T17:38:43.671072,0x24374C76B5CF8604,1,40,183.67,0.9,0.9,67,67,67,67
2025-09-11T17:38:44.718594,0x24374C76B5CF8604,1,39,208.2,0.92,0.92,78,78,78,78
2025-09-11T17:38:45.767991,0x24374C76B5CF8604,1,38,211.21,0.97,0.97,87,87,87,87
2025-09-11T17:38:46.815183,0x24374C76B5CF8604,1,40,191.33,0.93,0.93,97,97,97,97
2025-09-11T17:38:47.854075,0x24374C76B5CF8604,1,40,192.39,0.93,0.93,110,110,110,110
2025-09-11T17:38:48.907482,0x24374C76B5CF8604,1,40,198.4,0.93,0.93,116,116,116,116
2025-09-11T17:38:49.961899,0x24374C76B5CF8604,1,40,272.03,0.97,0.97,136,136,136,136
2025-09-11T17:38:51.018060,0x24374C76B5CF8604,1,40,332.16,1,1,150,150,150,150
2025-09-11T17:38:52.065157,0x24374C76B5CF8604,1,40,304.16,1,1,163,163,163,163
2025-09-11T17:38:53.118445,0x24374C76B5CF8604,1,40,286.53,1,1,181,181,181,181
2025-09-11T17:38:54.158450,0x24374C76B5CF8604,1,40,286.24,1,1,193,193,193,193
2025-09-11T17:38:55.212155,0x24374C76B5CF8604,1,40,262.07,1,1,204,204,204,204
2025-09-11T17:38:56.277391,0x24374C76B5CF8604,1,40,260.96,1,1,215,215,215,215
2025-09-11T17:38:57.341026,0x24374C76B5CF8604,1,40,262.84,1,1,228,228,228,228
2025-09-11T17:38:58.407267,0x24374C76B5CF8604,1,40,254.72,1,1,239,239,239,239
2025-09-11T17:38:59.471755,0x24374C76B5CF8604,1,40,249.78,1,1,253,253,253,253
2025-09-11T17:39:00.522593,0x24374C76B5CF8604,1,40,249.14,1,1,265,265,265,265
2025-09-11T17:39:01.586437,0x24374C76B5CF8604,1,40,250,1,1,273,273,273,272
2025-09-11T17:39:02.652205,0x24374C76B5CF8604,1,40,244.01,1,0.99,288,288,288,286
2025-09-11T17:39:03.719216,0x24374C76B5CF8604,1,40,242.69,1,0.99,303,303,304,301
2025-09-11T17:39:04.767496,0x24374C76B5CF8604,1,40,242.69,1,0.99,316,316,317,314
2025-09-11T17:39:05.830938,0x24374C76B5CF8604,1,40,239.76,1,0.99,331,331,332,329
2025-09-11T17:39:06.896437,0x24374C76B5CF8604,1,40,238.85,1,0.99,345,345,346,343
2025-09-11T17:39:07.963480,0x24374C76B5CF8604,1,40,238.3,1,0.99,356,356,357,354
2025-09-11T17:39:09.025975,0x24374C76B5CF8604,1,40,232.99,1,0.99,369,369,370,367
2025-09-11T17:39:10.073288,0x24374C76B5CF8604,1,40,234.63,1,0.99,381,381,382,379
2025-09-11T17:39:11.132455,0x24374C76B5CF8604,1,40,235.68,1,0.99,389,389,390,387
2025-09-11T17:39:12.194923,0x24374C76B5CF8604,1,40,233.55,1,0.99,403,403,404,401
2025-09-11T17:39:13.263691,0x24374C76B5CF8604,1,40,233.57,1,0.99,418,418,419,416
2025-09-11T17:39:14.329078,0x24374C76B5CF8604,1,40,233.94,1,0.99,430,430,431,428
2025-09-11T17:39:15.398572,0x24374C76B5CF8604,1,40,233,1,0.99,444,444,445,442
2025-09-11T17:39:16.466615,0x24374C76B5CF8604,1,40,233.92,1,0.99,458,458,459,456
2025-09-11T17:39:17.540719,0x24374C76B5CF8604,1,40,235.09,1,0.99,470,470,471,468
2025-09-11T17:39:18.607787,0x24374C76B5CF8604,1,40,233,1,1,481,481,482,479
2025-09-11T17:39:19.681861,0x24374C76B5CF8604,1,40,233.1,1,1,496,496,497,494
2025-09-11T17:39:20.755890,0x24374C76B5CF8604,1,40,232.17,1,1,508,508,509,506
2025-09-11T17:39:21.828707,0x24374C76B5CF8604,1,40,230.76,1,1,519,519,520,517
2025-09-11T17:39:22.900384,0x24374C76B5CF8604,1,40,230.38,1,1,530,530,531,528
2025-09-11T17:39:23.971893,0x24374C76B5CF8604,1,40,230.08,1,1,544,544,545,542
2025-09-11T17:39:25.011781,0x24374C76B5CF8604,1,40,228.54,1,0.99,558,558,559,555
2025-09-11T17:39:26.083097,0x24374C76B5CF8604,1,40,228.2,1,0.99,571,571,572,568
2025-09-11T17:39:27.157137,0x24374C76B5CF8604,1,40,228.43,1,0.99,583,583,584,580
2025-09-11T17:39:28.228717,0x24374C76B5CF8604,1,40,228.12,1,0.99,595,595,596,592
2025-09-11T17:39:29.298617,0x24374C76B5CF8604,1,40,228.37,1,0.99,607,607,608,604
2025-09-11T17:39:30.367211,0x24374C76B5CF8604,1,40,228.44,1,0.99,620,620,621,617
2025-09-11T17:39:31.423416,0x24374C76B5CF8604,1,40,229.04,1,0.99,633,633,634,630
2025-09-11T17:39:32.493359,0x24374C76B5CF8604,1,40,228.92,1,0.99,645,645,646,642
2025-09-11T17:39:33.569618,0x24374C76B5CF8604,1,40,230.07,1,0.99,659,659,660,656
2025-09-11T17:39:34.643918,0x24374C76B5CF8604,1,40,228.85,1,0.99,671,671,672,668
2025-09-11T17:39:35.714015,0x24374C76B5CF8604,1,40,228.45,1,0.99,682,682,683,679
2025-09-11T17:39:36.784923,0x24374C76B5CF8604,1,40,229.22,1,0.99,698,698,699,695
2025-09-11T17:39:37.854990,0x24374C76B5CF8604,1,40,228.86,1,0.99,712,712,713,709
2025-09-11T17:39:38.926626,0x24374C76B5CF8604,1,40,222.83,1,0.99,726,726,727,723
2025-09-11T17:39:39.996405,0x24374C76B5CF8604,1,40,223.43,1,0.99,735,735,736,732
2025-09-11T17:39:41.071571,0x24374C76B5CF8604,1,40,223.28,1,0.99,749,749,750,746
2025-09-11T17:39:42.144867,0x24374C76B5CF8604,1,40,220.61,1,0.99,764,764,765,761
2025-09-11T17:39:43.216818,0x24374C76B5CF8604,1,40,219.89,1,0.99,777,777,778,774
2025-09-11T17:39:44.287639,0x24374C76B5CF8604,1,40,220.05,1,0.99,788,788,789,785
2025-09-11T17:39:45.358605,0x24374C76B5CF8604,1,40,220.34,1,0.99,803,803,804,800
2025-09-11T17:39:46.430209,0x24374C76B5CF8604,1,40,219.36,1,0.99,817,817,818,814
2025-09-11T17:39:47.499729,0x24374C76B5CF8604,1,40,220.06,1,0.99,830,830,831,827
2025-09-11T17:39:48.571678,0x24374C76B5CF8604,1,40,220.07,1,1,840,840,841,837
2025-09-11T17:39:49.649122,0x24374C76B5CF8604,1,40,221.89,1,1,854,854,855,851
2025-09-11T17:39:50.703721,0x24374C76B5CF8604,1,40,221.05,1,1,866,866,867,863
2025-09-11T17:39:51.771486,0x24374C76B5CF8604,1,40,220.2,1,1,878,878,879,875
2025-09-11T17:39:52.834657,0x24374C76B5CF8604,1,40,219.51,1,1,890,890,891,887
2025-09-11T17:39:53.909954,0x24374C76B5CF8604,1,40,220.34,1,1,902,902,903,899
2025-09-11T17:39:54.985379,0x24374C76B5CF8604,1,40,221.18,1,1,917,917,918,914
2025-09-11T17:39:56.064981,0x24374C76B5CF8604,1,40,220.79,1,1,930,930,931,927
2025-09-11T17:39:57.137617,0x24374C76B5CF8604,1,40,222.09,1,1,943,943,944,940
2025-09-11T17:39:58.216840,0x24374C76B5CF8604,1,40,223.04,1,1,952,952,953,949
2025-09-11T17:39:59.294831,0x24374C76B5CF8604,1,40,225.03,1,1,966,966,967,963
2025-09-11T17:40:00.373198,0x24374C76B5CF8604,1,40,226.48,1,1,978,978,979,975
2025-09-11T17:40:01.444419,0x24374C76B5CF8604,1,40,225.48,1,1,992,992,993,989
2025-09-11T17:40:02.515871,0x24374C76B5CF8604,1,40,225.72,1,1,1003,1003,1004,1000
2025-09-11T17:40:03.591167,0x24374C76B5CF8604,1,40,225.91,1,1,1020,1020,1021,1017
2025-09-11T17:40:04.666611,0x24374C76B5CF8604,1,40,225.72,1,1,1030,1030,1031,1027
2025-09-11T17:40:05.740257,0x24374C76B5CF8604,1,40,224.36,1,1,1045,1045,1046,1042
2025-09-11T17:40:06.812978,0x24374C76B5CF8604,1,40,224.55,1,1,1056,1056,1057,1053
2025-09-11T17:40:07.885830,0x24374C76B5CF8604,1,40,223.92,1,1,1072,1072,1073,1069
2025-09-11T17:40:08.962976,0x24374C76B5CF8604,1,40,225.09,1,1,1086,1086,1087,1083
2025-09-11T17:40:10.036297,0x24374C76B5CF8604,1,40,225.11,1,1,1099,1099,1100,1096
2025-09-11T17:40:11.107278,0x24374C76B5CF8604,1,40,225.49,1,1,1111,1111,1112,1108
2025-09-11T17:40:12.182326,0x24374C76B5CF8604,1,40,224.97,1,1,1123,1123,1124,1120
2025-09-11T17:40:13.264464,0x24374C76B5CF8604,1,40,225.32,1,1,1135,1135,1136,1132
2025-09-11T17:40:14.337503,0x24374C76B5CF8604,1,40,226.22,1,1,1148,1148,1149,1145
2025-09-11T17:40:15.410360,0x24374C76B5CF8604,1,40,226.69,1,1,1161,1161,1162,1158
2025-09-11T17:40:16.490532,0x24374C76B5CF8604,1,40,227.45,1,1,1169,1169,1170,1166
2025-09-11T17:40:17.568657,0x24374C76B5CF8604,1,40,225.32,1,1,1180,1180,1181,1177
2025-09-11T17:40:18.651426,0x24374C76B5CF8604,1,40,224.03,1,1,1193,1193,1194,1190
2025-09-11T17:40:19.725263,0x24374C76B5CF8604,1,40,223.94,1,1,1209,1209,1210,1206
2025-09-11T17:40:20.797615,0x24374C76B5CF8604,1,40,225.73,1,1,1221,1221,1222,1218
2025-09-11T17:40:21.875090,0x24374C76B5CF8604,1,40,225.53,1,1,1226,1226,1227,1223
2025-09-11T17:40:22.952860,0x24374C76B5CF8604,1,40,226.19,1,1,1241,1241,1242,1237
2025-09-11T17:40:24.029447,0x24374C76B5CF8604,1,40,226.82,1,1,1255,1255,1256,1251
2025-09-11T17:40:25.103521,0x24374C76B5CF8604,1,40,227.22,1,1,1272,1272,1274,1267
2025-09-11T17:40:26.169104,0x24374C76B5CF8604,1,40,226.53,1,1,1286,1286,1289,1281
2025-09-11T17:40:27.227132,0x24374C76B5CF8604,1,40,226.91,1,1,1296,1296,1299,1291
2025-09-11T17:40:28.303823,0x24374C76B5CF8604,1,40,227.68,1,1,1315,1315,1318,1309
2025-09-11T17:40:29.374544,0x24374C76B5CF8604,1,40,226.99,1,1,1327,1327,1330,1321
2025-09-11T17:40:30.444234,0x24374C76B5CF8604,1,40,225.53,1,1,1342,1342,1346,1336
2025-09-11T17:40:31.520372,0x24374C76B5CF8604,1,40,225.26,1,1,1353,1353,1357,1347
2025-09-11T17:40:32.595432,0x24374C76B5CF8604,1,40,225.19,1,1,1366,1366,1370,1360
2025-09-11T17:40:33.674651,0x24374C76B5CF8604,1,40,225.28,1,1,1379,1379,1383,1373
2025-09-11T17:40:34.748139,0x24374C76B5CF8604,1,40,223.98,1,1,1386,1386,1390,1380
2025-09-11T17:40:35.828152,0x24374C76B5CF8604,1,40,223.96,1,1,1393,1393,1397,1387
2025-09-11T17:40:36.902469,0x24374C76B5CF8604,1,40,225.18,1,0.99,1406,1406,1410,1399
2025-09-11T17:40:37.971958,0x24374C76B5CF8604,1,40,225.59,1,0.99,1422,1422,1426,1415
2025-09-11T17:40:39.045195,0x24374C76B5CF8604,1,40,223.86,1,0.99,1439,1439,1443,1432
2025-09-11T17:40:40.126099,0x24374C76B5CF8604,1,40,224.35,1,0.99,1445,1445,1449,1438
2025-09-11T17:40:41.213754,0x24374C76B5CF8604,1,40,224.63,1,0.99,1454,1454,1458,1447
2025-09-11T17:40:42.291063,0x24374C76B5CF8604,1,40,226,1,0.99,1469,1469,1473,1462
2025-09-11T17:40:43.366699,0x24374C76B5CF8604,1,40,225.48,1,0.99,1486,1486,1490,1479
2025-09-11T17:40:44.445214,0x24374C76B5CF8604,1,40,225.21,0.99,0.99,1506,1506,1511,1497
2025-09-11T17:40:45.522573,0x24374C76B5CF8604,1,40,226.33,0.99,0.99,1519,1519,1524,1510
2025-09-11T17:40:46.598380,0x24374C76B5CF8604,1,40,227.31,0.99,0.99,1529,1529,1534,1520
2025-09-11T17:40:47.666427,0x24374C76B5CF8604,1,40,225.2,0.99,0.99,1542,1542,1547,1533
2025-09-11T17:40:48.739262,0x24374C76B5CF8604,1,40,224.63,0.99,0.99,1557,1557,1562,1548
2025-09-11T17:40:49.818321,0x24374C76B5CF8604,1,40,224.43,0.99,0.99,1569,1569,1574,1560
2025-09-11T17:40:50.896865,0x24374C76B5CF8604,1,40,224.62,0.99,0.99,1583,1583,1588,1574
2025-09-11T17:40:51.976906,0x24374C76B5CF8604,1,40,224.46,0.99,0.99,1596,1596,1601,1587
2025-09-11T17:40:53.060683,0x24374C76B5CF8604,1,40,224.1,0.99,0.99,1607,1607,1612,1598
2025-09-11T17:40:54.137519,0x24374C76B5CF8604,1,40,223.68,0.99,0.99,1619,1619,1624,1610
2025-09-11T17:40:55.215299,0x24374C76B5CF8604,1,40,223.29,0.99,0.99,1630,1630,1635,1621
2025-09-11T17:40:56.296979,0x24374C76B5CF8604,1,40,223.73,0.99,0.99,1639,1639,1644,1630
2025-09-11T17:40:57.378756,0x24374C76B5CF8604,1,40,223.95,0.99,0.99,1646,1646,1652,1637
2025-09-11T17:40:58.460234,0x24374C76B5CF8604,1,40,224.33,0.99,0.99,1659,1659,1665,1650
2025-09-11T17:40:59.537068,0x24374C76B5CF8604,1,40,221.27,0.99,0.99,1675,1675,1682,1666
2025-09-11T17:41:00.615397,0x24374C76B5CF8604,1,40,221.41,0.99,0.99,1693,1693,1700,1683
2025-09-11T17:41:01.694714,0x24374C76B5CF8604,1,40,220.31,0.99,0.99,1708,1708,1715,1697
2025-09-11T17:41:02.772333,0x24374C76B5CF8604,1,40,220.58,0.99,0.99,1720,1720,1727,1709
2025-09-11T17:41:03.851999,0x24374C76B5CF8604,1,40,220.17,0.99,0.99,1733,1733,1741,1722
2025-09-11T17:41:04.920623,0x24374C76B5CF8604,1,40,220.85,0.99,0.99,1748,1748,1756,1737
2025-09-11T17:41:05.991072,0x24374C76B5CF8604,1,40,221.09,0.99,0.99,1761,1761,1769,1750
2025-09-11T17:41:07.062642,0x24374C76B5CF8604,1,40,222.49,0.99,0.99,1774,1774,1782,1763
2025-09-11T17:41:08.142923,0x24374C76B5CF8604,1,40,222.77,0.99,0.99,1783,1783,1791,1772
2025-09-11T17:41:09.226354,0x24374C76B5CF8604,1,40,223.89,0.99,0.99,1796,1796,1804,1785
2025-09-11T17:41:10.312899,0x24374C76B5CF8604,1,40,223.11,0.99,0.99,1807,1807,1815,1796
2025-09-11T17:41:11.390970,0x24374C76B5CF8604,1,40,222.81,0.99,0.99,1822,1822,1831,1811
2025-09-11T17:41:12.476876,0x24374C76B5CF8604,1,40,223.36,0.99,0.99,1831,1831,1840,1819
2025-09-11T17:41:13.548910,0x24374C76B5CF8604,1,40,223.31,0.99,0.99,1846,1846,1855,1834
2025-09-11T17:41:14.634112,0x24374C76B5CF8604,1,40,223.16,0.99,0.99,1854,1854,1863,1842
2025-09-11T17:41:15.711436,0x24374C76B5CF8604,1,40,221.78,0.99,0.99,1869,1869,1878,1857
2025-09-11T17:41:16.787731,0x24374C76B5CF8604,1,40,222.42,0.99,0.98,1883,1883,1892,1869
2025-09-11T17:41:17.871277,0x24374C76B5CF8604,1,40,222.96,0.99,0.99,1897,1897,1906,1883
2025-09-11T17:41:18.952594,0x24374C76B5CF8604,1,40,223.15,0.99,0.99,1911,1911,1921,1897
2025-09-11T17:41:20.034124,0x24374C76B5CF8604,1,40,223.16,0.99,0.99,1922,1922,1932,1907
2025-09-11T17:41:21.110348,0x24374C76B5CF8604,1,40,223.18,0.99,0.99,1934,1934,1944,1919
2025-09-11T17:41:22.186777,0x24374C76B5CF8604,1,40,223.42,0.99,0.99,1946,1946,1956,1931
2025-09-11T17:41:23.263967,0x24374C76B5CF8604,1,40,222.49,0.99,0.99,1962,1962,1972,1947
2025-09-11T17:41:24.368853,0x24374C76B5CF8604,1,40,224.16,0.99,0.99,1975,1975,1985,1960
2025-09-11T17:41:25.454514,0x24374C76B5CF8604,1,40,223.84,0.99,0.99,1983,1983,1993,1968
2025-09-11T17:41:26.530575,0x24374C76B5CF8604,1,40,223.37,0.99,0.99,1993,1993,2003,1978
2025-09-11T17:41:27.617553,0x24374C76B5CF8604,1,40,223.46,0.99,0.99,2001,2001,2011,1986
2025-09-11T17:41:28.705506,0x24374C76B5CF8604,1,40,223.34,0.99,0.99,2018,2018,2028,2003
2025-09-11T17:41:29.787568,0x24374C76B5CF8604,1,40,222.54,0.99,0.99,2034,2034,2044,2019
2025-09-11T17:41:30.865629,0x24374C76B5CF8604,1,40,221.7,0.99,0.99,2052,2052,2062,2036
2025-09-11T17:41:31.942943,0x24374C76B5CF8604,1,40,221.54,0.99,0.99,2062,2062,2072,2046
2025-09-11T17:41:33.023399,0x24374C76B5CF8604,1,40,222.67,0.99,0.99,2074,2074,2085,2058
2025-09-11T17:41:34.106845,0x24374C76B5CF8604,1,40,222.76,0.99,0.99,2086,2086,2097,2070
2025-09-11T17:41:35.188659,0x24374C76B5CF8604,1,40,223.17,0.99,0.99,2100,2100,2112,2083
2025-09-11T17:41:36.292817,0x24374C76B5CF8604,1,40,222.47,0.99,0.99,2113,2113,2125,2096
2025-09-11T17:41:37.378822,0x24374C76B5CF8604,1,40,222.79,0.99,0.99,2124,2124,2136,2107
2025-09-11T17:41:38.464190,0x24374C76B5CF8604,1,40,222.32,0.99,0.99,2137,2137,2149,2120
2025-09-11T17:41:39.548819,0x24374C76B5CF8604,1,40,222,0.99,0.99,2151,2151,2163,2134
2025-09-11T17:41:40.630364,0x24374C76B5CF8604,1,40,221.1,0.99,0.99,2163,2163,2175,2146
2025-09-11T17:41:41.716308,0x24374C76B5CF8604,1,40,221.32,0.99,0.99,2172,2172,2184,2155
2025-09-11T17:41:42.797793,0x24374C76B5CF8604,1,40,220.7,0.99,0.99,2186,2186,2198,2169
2025-09-11T17:41:43.878145,0x24374C76B5CF8604,1,40,221.34,0.99,0.99,2197,2197,2209,2180
2025-09-11T17:41:44.958824,0x24374C76B5CF8604,1,40,222.51,0.99,0.99,2215,2215,2227,2197
2025-09-11T17:41:46.041295,0x24374C76B5CF8604,1,40,222.79,0.99,0.99,2229,2229,2241,2211
2025-09-11T17:41:47.123913,0x24374C76B5CF8604,1,40,222.85,0.99,0.99,2241,2241,2253,2223
2025-09-11T17:41:48.211953,0x24374C76B5CF8604,1,40,224.41,0.99,0.99,2250,2250,2262,2232
2025-09-11T17:41:49.297967,0x24374C76B5CF8604,1,40,226.72,0.99,0.99,2263,2263,2275,2245
2025-09-11T17:41:50.385626,0x24374C76B5CF8604,1,40,227.74,0.99,0.99,2274,2274,2286,2256
2025-09-11T17:41:51.471042,0x24374C76B5CF8604,1,40,226.71,0.99,0.99,2286,2286,2298,2268
2025-09-11T17:41:52.562400,0x24374C76B5CF8604,1,40,226.71,0.99,0.99,2298,2298,2310,2280
2025-09-11T17:41:53.645470,0x24374C76B5CF8604,1,40,225.23,0.99,0.99,2313,2313,2326,2295
2025-09-11T17:41:54.729359,0x24374C76B5CF8604,1,40,223.92,0.99,0.99,2330,2330,2343,2311
2025-09-11T17:41:55.813266,0x24374C76B5CF8604,1,40,224.84,0.99,0.99,2340,2340,2353,2321
2025-09-11T17:41:56.900540,0x24374C76B5CF8604,1,40,224.25,0.99,0.99,2354,2354,2367,2334
2025-09-11T17:41:57.981531,0x24374C76B5CF8604,1,40,223.8,0.99,0.99,2365,2365,2378,2345
2025-09-11T17:41:59.068561,0x24374C76B5CF8604,1,40,223.29,0.99,0.99,2378,2378,2391,2358
2025-09-11T17:42:00.152432,0x24374C76B5CF8604,1,40,224.77,0.99,0.99,2393,2393,2406,2373
2025-09-11T17:42:01.234349,0x24374C76B5CF8604,1,40,224.84,0.99,0.99,2402,2402,2415,2382
2025-09-11T17:42:02.314501,0x24374C76B5CF8604,1,40,223.85,0.99,0.99,2417,2417,2430,2397
2025-09-11T17:42:03.402913,0x24374C76B5CF8604,1,40,224.12,0.99,0.99,2428,2428,2441,2408
2025-09-11T17:42:04.495370,0x24374C76B5CF8604,1,40,224.45,0.99,0.99,2441,2441,2454,2421
2025-09-11T17:42:05.584320,0x24374C76B5CF8604,1,40,225.62,0.99,0.99,2448,2448,2461,2428
2025-09-11T17:42:06.666185,0x24374C76B5CF8604,1,40,224.74,0.99,0.99,2465,2465,2478,2444
2025-09-11T17:42:07.754768,0x24374C76B5CF8604,1,40,224.45,0.99,0.99,2479,2479,2492,2458
2025-09-11T17:42:08.841300,0x24374C76B5CF8604,1,40,222.74,0.99,0.99,2494,2494,2507,2473
2025-09-11T17:42:09.926779,0x24374C76B5CF8604,1,40,221.06,0.99,0.99,2509,2509,2522,2488
2025-09-11T17:42:11.002493,0x24374C76B5CF8604,1,40,219.84,0.99,0.99,2519,2519,2532,2498
2025-09-11T17:42:12.091824,0x24374C76B5CF8604,1,40,219.59,0.99,0.99,2529,2529,2542,2508
2025-09-11T17:42:13.180949,0x24374C76B5CF8604,1,40,219.94,1,0.99,2541,2541,2554,2520
2025-09-11T17:42:14.274268,0x24374C76B5CF8604,1,40,219.68,1,0.99,2554,2554,2567,2533
2025-09-11T17:42:15.361405,0x24374C76B5CF8604,1,40,220.07,1,0.99,2567,2567,2580,2546
2025-09-11T17:42:16.448925,0x24374C76B5CF8604,1,40,220.53,1,0.99,2581,2581,2594,2560
2025-09-11T17:42:17.534326,0x24374C76B5CF8604,1,40,221.87,1,0.99,2593,2593,2606,2572
2025-09-11T17:42:18.622340,0x24374C76B5CF8604,1,40,222.66,1,0.99,2604,2604,2617,2583
2025-09-11T17:42:19.708898,0x24374C76B5CF8604,1,40,222.33,1,0.99,2614,2614,2627,2593
2025-09-11T17:42:20.792900,0x24374C76B5CF8604,1,40,223.06,1,0.99,2628,2628,2641,2607
2025-09-11T17:42:21.884506,0x24374C76B5CF8604,1,40,224.33,1,0.99,2643,2643,2656,2622
2025-09-11T17:42:22.977565,0x24374C76B5CF8604,1,40,223.25,1,0.99,2655,2655,2669,2633
2025-09-11T17:42:24.067217,0x24374C76B5CF8604,1,40,222.75,1,0.99,2668,2668,2682,2646
2025-09-11T17:42:25.155222,0x24374C76B5CF8604,1,40,221.45,1,0.99,2684,2684,2698,2662
2025-09-11T17:42:26.239311,0x24374C76B5CF8604,1,40,221.8,1,0.99,2695,2695,2709,2673
2025-09-11T17:42:27.323996,0x24374C76B5CF8604,1,40,222.71,1,0.99,2703,2703,2717,2681
2025-09-11T17:42:28.408489,0x24374C76B5CF8604,1,40,222.53,1,0.99,2721,2721,2735,2699
2025-09-11T17:42:29.476266,0x24374C76B5CF8604,1,40,221.74,1,0.99,2730,2730,2744,2708
2025-09-11T17:42:30.551436,0x24374C76B5CF8604,1,40,221.96,1,0.99,2738,2738,2752,2716
2025-09-11T17:42:31.628238,0x24374C76B5CF8604,1,40,222.85,1,0.99,2756,2756,2770,2733
2025-09-11T17:42:32.702154,0x24374C76B5CF8604,1,40,224.52,1,0.99,2770,2770,2784,2747
2025-09-11T17:42:33.778432,0x24374C76B5CF8604,1,40,225.15,1,0.99,2790,2790,2804,2767
2025-09-11T17:42:34.853363,0x24374C76B5CF8604,1,40,224.39,1,0.99,2799,2799,2813,2776
2025-09-11T17:42:35.929787,0x24374C76B5CF8604,1,40,224.12,1,0.99,2811,2811,2825,2788
2025-09-11T17:42:37.004768,0x24374C76B5CF8604,1,40,223.89,1,0.99,2826,2826,2840,2803
2025-09-11T17:42:38.080107,0x24374C76B5CF8604,1,40,224.14,1,0.99,2841,2841,2855,2818
2025-09-11T17:42:39.157773,0x24374C76B5CF8604,1,40,223.35,1,0.99,2849,2849,2863,2826
2025-09-11T17:42:40.233565,0x24374C76B5CF8604,1,40,223.1,1,0.99,2861,2861,2875,2838
2025-09-11T17:42:41.310898,0x24374C76B5CF8604,1,40,220.83,1,0.99,2870,2870,2884,2847
2025-09-11T17:42:42.388435,0x24374C76B5CF8604,1,40,221.24,1,0.99,2887,2887,2901,2864
2025-09-11T17:42:43.460290,0x24374C76B5CF8604,1,40,222.25,1,0.99,2892,2892,2906,2869
2025-09-11T17:42:44.539511,0x24374C76B5CF8604,1,40,222.49,1,0.99,2901,2901,2915,2878
2025-09-11T17:42:45.617147,0x24374C76B5CF8604,1,40,221.63,1,0.99,2917,2917,2931,2894
2025-09-11T17:42:46.694583,0x24374C76B5CF8604,1,40,221.84,1,0.99,2938,2938,2952,2915
2025-09-11T17:42:47.771133,0x24374C76B5CF8604,1,40,221.57,1,0.99,2958,2958,2972,2935
2025-09-11T17:42:48.845206,0x24374C76B5CF8604,1,40,220.36,1,0.99,2969,2969,2983,2946
2025-09-11T17:42:49.920502,0x24374C76B5CF8604,1,40,220.05,1,0.99,2979,2979,2993,2956
2025-09-11T17:42:50.995103,0x24374C76B5CF8604,1,40,219.94,1,1,2995,2995,3009,2972
2025-09-11T17:42:52.065239,0x24374C76B5CF8604,1,40,218.15,1,1,3008,3008,3022,2985
2025-09-11T17:42:53.141375,0x24374C76B5CF8604,1,40,219.29,1,1,3021,3021,3035,2998
2025-09-11T17:42:54.217818,0x24374C76B5CF8604,1,40,219.64,1,1,3030,3030,3044,3007
2025-09-11T17:42:55.288717,0x24374C76B5CF8604,1,40,219.74,1,1,3044,3044,3058,3021
2025-09-11T17:42:56.358026,0x24374C76B5CF8604,1,40,220.2,1,1,3055,3055,3069,3032
2025-09-11T17:42:57.429746,0x24374C76B5CF8604,1,40,220.6,1,1,3071,3071,3085,3048
2025-09-11T17:42:58.506540,0x24374C76B5CF8604,1,40,220.84,1,1,3082,3082,3096,3059
2025-09-11T17:42:59.575779,0x24374C76B5CF8604,1,40,219.34,1,1,3095,3095,3109,3072
2025-09-11T17:43:00.649548,0x24374C76B5CF8604,1,40,219.16,1,1,3108,3108,3122,3085
2025-09-11T17:43:01.720647,0x24374C76B5CF8604,1,40,219.38,1,1,3121,3121,3135,3097
2025-09-11T17:43:02.795171,0x24374C76B5CF8604,1,40,219.41,1,1,3132,3132,3146,3108
2025-09-11T17:43:03.868720,0x24374C76B5CF8604,1,40,219.38,1,1,3136,3136,3150,3112
2025-09-11T17:43:04.944639,0x24374C76B5CF8604,1,40,218.95,1,1,3148,3148,3162,3124
2025-09-11T17:43:06.021338,0x24374C76B5CF8604,1,40,218.92,1,1,3163,3163,3177,3139
2025-09-11T17:43:07.101611,0x24374C76B5CF8604,1,40,219.19,1,1,3183,3183,3197,3159
2025-09-11T17:43:08.178116,0x24374C76B5CF8604,1,40,219.86,1,1,3195,3195,3209,3171
2025-09-11T17:43:09.251752,0x24374C76B5CF8604,1,40,219.03,1,1,3207,3207,3221,3183
2025-09-11T17:43:10.365464,0x24374C76B5CF8604,1,40,219.2,1,0.99,3221,3221,3235,3196
2025-09-11T17:43:11.441182,0x24374C76B5CF8604,1,40,220.09,1,0.99,3239,3239,3253,3214
2025-09-11T17:43:12.516373,0x24374C76B5CF8604,1,40,220.19,1,1,3252,3252,3266,3227
2025-09-11T17:43:13.590718,0x24374C76B5CF8604,1,40,221.54,1,1,3264,3264,3278,3239
2025-09-11T17:43:14.666334,0x24374C76B5CF8604,1,40,221.47,1,1,3273,3273,3287,3248
2025-09-11T17:43:15.734256,0x24374C76B5CF8604,1,40,220.79,1,1,3287,3287,3301,3262
2025-09-11T17:43:16.799242,0x24374C76B5CF8604,1,40,221.46,1,1,3300,3300,3314,3275
2025-09-11T17:43:17.859942,0x24374C76B5CF8604,1,40,220.94,1,1,3314,3314,3328,3289
2025-09-11T17:43:18.928696,0x24374C76B5CF8604,1,40,221.54,1,1,3325,3325,3339,3300
2025-09-11T17:43:20.000440,0x24374C76B5CF8604,1,40,219.58,1,1,3340,3340,3354,3315
2025-09-11T17:43:21.076477,0x24374C76B5CF8604,1,40,219.24,1,1,3351,3351,3365,3326
2025-09-11T17:43:22.154453,0x24374C76B5CF8604,1,40,219.37,1,1,3364,3364,3378,3339
2025-09-11T17:43:23.230065,0x24374C76B5CF8604,1,40,219.64,1,1,3379,3379,3393,3354
2025-09-11T17:43:24.305932,0x24374C76B5CF8604,1,40,219.99,1,1,3387,3387,3401,3362
2025-09-11T17:43:25.379789,0x24374C76B5CF8604,1,40,221.47,1,1,3403,3403,3417,3378
2025-09-11T17:43:26.458564,0x24374C76B5CF8604,1,40,221.16,1,1,3414,3414,3428,3389
2025-09-11T17:43:27.535097,0x24374C76B5CF8604,1,40,220.86,1,1,3429,3429,3443,3404
2025-09-11T17:43:28.611502,0x24374C76B5CF8604,1,40,220.1,1,1,3440,3440,3454,3415
2025-09-11T17:43:29.686129,0x24374C76B5CF8604,1,40,218.99,1,1,3455,3455,3469,3430
2025-09-11T17:43:30.756074,0x24374C76B5CF8604,1,40,218.01,1,1,3469,3469,3483,3444
2025-09-11T17:43:31.814887,0x24374C76B5CF8604,1,40,218.01,1,1,3478,3478,3492,3453
2025-09-11T17:43:32.878005,0x24374C76B5CF8604,1,40,217.97,1,1,3488,3488,3502,3463
2025-09-11T17:43:33.968500,0x24374C76B5CF8604,1,40,217.35,1,1,3501,3501,3515,3475
2025-09-11T17:43:35.058842,0x24374C76B5CF8604,1,40,217.41,1,1,3515,3515,3530,3489
2025-09-11T17:43:36.146315,0x24374C76B5CF8604,1,40,217.19,1,0.99,3530,3530,3545,3503
2025-09-11T17:43:37.236238,0x24374C76B5CF8604,1,40,217.52,1,0.99,3543,3543,3558,3514
2025-09-11T17:43:38.326650,0x24374C76B5CF8604,1,40,218.14,1,0.99,3550,3550,3565,3521
2025-09-11T17:43:39.415738,0x24374C76B5CF8604,1,40,217.88,1,0.99,3561,3561,3576,3532
2025-09-11T17:43:40.506325,0x24374C76B5CF8604,1,40,218.53,1,0.99,3567,3567,3582,3538
2025-09-11T17:43:41.607304,0x24374C76B5CF8604,1,40,219.03,1,0.99,3588,3588,3603,3558
2025-09-11T17:43:42.688072,0x24374C76B5CF8604,1,40,217.57,1,0.99,3598,3598,3613,3568
2025-09-11T17:43:43.777045,0x24374C76B5CF8604,1,40,218.36,1,0.99,3616,3616,3631,3585
2025-09-11T17:43:44.841754,0x24374C76B5CF8604,1,40,218.61,1,0.99,3632,3632,3647,3601
2025-09-11T17:43:45.929948,0x24374C76B5CF8604,1,40,218.45,1,0.99,3648,3648,3663,3617
2025-09-11T17:43:47.017571,0x24374C76B5CF8604,1,40,218.47,1,0.99,3661,3661,3676,3630
2025-09-11T17:43:48.115029,0x24374C76B5CF8604,1,40,217.27,1,0.99,3671,3671,3686,3640
2025-09-11T17:43:49.203101,0x24374C76B5CF8604,1,40,218.91,1,0.99,3683,3683,3698,3652
2025-09-11T17:43:50.273057,0x24374C76B5CF8604,1,40,219.38,1,0.99,3695,3695,3710,3664
2025-09-11T17:43:51.358213,0x24374C76B5CF8604,1,40,218.98,1,0.99,3705,3705,3720,3674
2025-09-11T17:43:52.450098,0x24374C76B5CF8604,1,40,218.99,1,0.99,3720,3720,3735,3689
2025-09-11T17:43:53.537608,0x24374C76B5CF8604,1,40,219.85,1,0.99,3732,3732,3747,3701
2025-09-11T17:43:54.628937,0x24374C76B5CF8604,1,40,222.12,1,0.99,3747,3747,3762,3716
2025-09-11T17:43:55.714912,0x24374C76B5CF8604,1,40,222.84,1,0.99,3761,3761,3776,3730
2025-09-11T17:43:56.789262,0x24374C76B5CF8604,1,40,223.91,1,0.99,3772,3772,3787,3741
2025-09-11T17:43:57.878261,0x24374C76B5CF8604,1,40,224.17,1,0.99,3785,3785,3801,3754
2025-09-11T17:43:58.957470,0x24374C76B5CF8604,1,40,224.18,1,0.99,3796,3796,3812,3765
2025-09-11T17:44:00.048408,0x24374C76B5CF8604,1,40,224.13,1,0.99,3812,3812,3828,3780
2025-09-11T17:44:01.145371,0x24374C76B5CF8604,1,40,223.51,1,0.99,3824,3824,3840,3792
2025-09-11T17:44:02.238527,0x24374C76B5CF8604,1,40,223.09,1,0.99,3838,3838,3854,3806
2025-09-11T17:44:03.331652,0x24374C76B5CF8604,1,40,222.33,1,0.99,3850,3850,3866,3818
2025-09-11T17:44:04.420002,0x24374C76B5CF8604,1,40,222.53,1,0.99,3865,3865,3881,3833
2025-09-11T17:44:05.505836,0x24374C76B5CF8604,1,40,221.99,1,0.99,3879,3879,3895,3847
2025-09-11T17:44:06.591229,0x24374C76B5CF8604,1,40,222.49,1,0.99,3892,3892,3909,3860
2025-09-11T17:44:07.674191,0x24374C76B5CF8604,1,40,221.18,1,0.99,3901,3901,3918,3869
2025-09-11T17:44:08.762541,0x24374C76B5CF8604,1,40,221.4,1,0.99,3915,3915,3932,3883
2025-09-11T17:44:09.854630,0x24374C76B5CF8604,1,40,222.65,1,0.99,3927,3927,3944,3895
2025-09-11T17:44:10.938606,0x24374C76B5CF8604,1,40,222.85,1,0.99,3940,3940,3957,3908
2025-09-11T17:44:12.027221,0x24374C76B5CF8604,1,40,223.3,1,0.99,3951,3951,3968,3919
2025-09-11T17:44:13.120551,0x24374C76B5CF8604,1,40,222.24,1,0.99,3965,3965,3982,3933
2025-09-11T17:44:14.210793,0x24374C76B5CF8604,1,40,222.89,1,0.99,3981,3981,3998,3949
2025-09-11T17:44:15.296341,0x24374C76B5CF8604,1,40,223.37,1,0.99,3991,3991,4008,3959
2025-09-11T17:44:16.384912,0x24374C76B5CF8604,1,40,223.42,1,0.99,4005,4005,4022,3973
2025-09-11T17:44:17.469221,0x24374C76B5CF8604,1,40,222.1,1,0.99,4018,4018,4035,3986
2025-09-11T17:44:18.556851,0x24374C76B5CF8604,1,40,221.77,1,0.99,4032,4032,4049,4000
2025-09-11T17:44:19.644983,0x24374C76B5CF8604,1,40,221.35,1,0.99,4045,4045,4062,4013
2025-09-11T17:44:20.733926,0x24374C76B5CF8604,1,40,221.62,1,0.99,4056,4056,4073,4024
2025-09-11T17:44:21.817459,0x24374C76B5CF8604,1,40,221.57,1,0.99,4063,4063,4080,4031
2025-09-11T17:44:22.909539,0x24374C76B5CF8604,1,40,221.81,1,0.99,4071,4071,4088,4039
2025-09-11T17:44:24.000273,0x24374C76B5CF8604,1,40,221.64,1,0.99,4078,4078,4095,4046
2025-09-11T17:44:25.084775,0x24374C76B5CF8604,1,40,222.13,0.99,0.99,4095,4095,4113,4062
2025-09-11T17:44:26.174485,0x24374C76B5CF8604,1,40,220.04,0.99,0.99,4113,4113,4131,4080
2025-09-11T17:44:27.267705,0x24374C76B5CF8604,1,40,218.84,0.99,0.99,4132,4132,4150,4099
2025-09-11T17:44:28.354886,0x24374C76B5CF8604,1,40,218.84,1,0.99,4146,4146,4164,4113
2025-09-11T17:44:29.450190,0x24374C76B5CF8604,1,40,219.6,1,0.99,4161,4161,4179,4128
2025-09-11T17:44:30.535479,0x24374C76B5CF8604,1,40,220.01,1,0.99,4169,4169,4187,4136
2025-09-11T17:44:31.629904,0x24374C76B5CF8604,1,40,219.44,1,0.99,4179,4179,4197,4146
2025-09-11T17:44:32.723510,0x24374C76B5CF8604,1,40,221.07,1,0.99,4190,4190,4208,4157
2025-09-11T17:44:33.815852,0x24374C76B5CF8604,1,40,222.99,1,0.99,4206,4206,4224,4173
2025-09-11T17:44:34.902120,0x24374C76B5CF8604,1,40,223.2,1,1,4216,4216,4234,4183
2025-09-11T17:44:35.986048,0x24374C76B5CF8604,1,40,222.91,1,1,4229,4229,4247,4196
2025-09-11T17:44:37.063399,0x24374C76B5CF8604,1,40,224.36,1,1,4241,4241,4259,4208
2025-09-11T17:44:38.148234,0x24374C76B5CF8604,1,40,225.55,1,1,4260,4260,4278,4227
2025-09-11T17:44:39.234382,0x24374C76B5CF8604,1,40,225.55,1,1,4274,4274,4292,4241
2025-09-11T17:44:40.329004,0x24374C76B5CF8604,1,40,225.09,1,1,4288,4288,4306,4255
2025-09-11T17:44:41.423746,0x24374C76B5CF8604,1,40,223.61,1,1,4302,4302,4320,4269
2025-09-11T17:44:42.515126,0x24374C76B5CF8604,1,40,223.73,1,1,4309,4309,4327,4276
2025-09-11T17:44:43.605409,0x24374C76B5CF8604,1,40,223.95,1,1,4323,4323,4341,4290
2025-09-11T17:44:44.695692,0x24374C76B5CF8604,1,40,223.43,1,1,4334,4334,4352,4301
2025-09-11T17:44:45.784172,0x24374C76B5CF8604,1,40,224.19,1,1,4351,4351,4369,4318
2025-09-11T17:44:46.873325,0x24374C76B5CF8604,1,40,221.92,1,1,4365,4365,4383,4332
2025-09-11T17:44:47.961250,0x24374C76B5CF8604,1,40,223,1,1,4380,4380,4398,4347
2025-09-11T17:44:49.049216,0x24374C76B5CF8604,1,40,222.25,1,1,4393,4393,4411,4360
2025-09-11T17:44:50.140427,0x24374C76B5CF8604,1,40,222.42,1,1,4406,4406,4424,4373
2025-09-11T17:44:51.229264,0x24374C76B5CF8604,1,40,222.27,1,1,4415,4415,4433,4382
2025-09-11T17:44:52.321365,0x24374C76B5CF8604,1,40,222.24,1,1,4431,4431,4449,4398
2025-09-11T17:44:53.406550,0x24374C76B5CF8604,1,40,221.39,1,1,4439,4439,4457,4406
2025-09-11T17:44:54.501799,0x24374C76B5CF8604,1,40,221.19,1,1,4447,4447,4465,4414
2025-09-11T17:44:55.587526,0x24374C76B5CF8604,1,40,221.28,1,1,4458,4458,4476,4425
2025-09-11T17:44:56.680278,0x24374C76B5CF8604,1,40,220.56,1,1,4477,4477,4495,4444
2025-09-11T17:44:57.768735,0x24374C76B5CF8604,1,40,219.04,1,1,4495,4495,4513,4462
2025-09-11T17:44:58.856431,0x24374C76B5CF8604,1,40,219.09,1,1,4504,4504,4522,4471
2025-09-11T17:44:59.944032,0x24374C76B5CF8604,1,40,219.21,1,1,4520,4520,4538,4487
2025-09-11T17:45:01.035215,0x24374C76B5CF8604,1,40,220.32,1,1,4534,4534,4552,4500
2025-09-11T17:45:02.121778,0x24374C76B5CF8604,1,40,218.81,1,1,4549,4549,4567,4515
2025-09-11T17:45:03.213801,0x24374C76B5CF8604,1,40,220.62,1,1,4560,4560,4578,4526
2025-09-11T17:45:04.310160,0x24374C76B5CF8604,1,40,220.59,1,1,4572,4572,4590,4538
2025-09-11T17:45:05.398517,0x24374C76B5CF8604,1,40,220.56,1,1,4583,4583,4601,4549
2025-09-11T17:45:06.489351,0x24374C76B5CF8604,1,40,221.35,1,1,4596,4596,4614,4562
2025-09-11T17:45:07.577715,0x24374C76B5CF8604,1,40,223.16,1,1,4609,4609,4627,4575
2025-09-11T17:45:08.666612,0x24374C76B5CF8604,1,40,224.12,1,1,4628,4628,4646,4593
2025-09-11T17:45:09.748774,0x24374C76B5CF8604,1,40,224.24,1,1,4639,4639,4657,4604
2025-09-11T17:45:10.841232,0x24374C76B5CF8604,1,40,224.7,1,1,4652,4652,4670,4617
2025-09-11T17:45:11.932705,0x24374C76B5CF8604,1,40,224.58,1,1,4662,4662,4680,4627
2025-09-11T17:45:13.027338,0x24374C76B5CF8604,1,40,224.61,1,1,4670,4670,4688,4635
2025-09-11T17:45:14.119448,0x24374C76B5CF8604,1,40,224.32,1,1,4681,4681,4699,4646
2025-09-11T17:45:15.207807,0x24374C76B5CF8604,1,40,224.17,1,1,4690,4690,4708,4655
2025-09-11T17:45:16.297116,0x24374C76B5CF8604,1,40,224.38,1,1,4712,4712,4730,4677
2025-09-11T17:45:17.386950,0x24374C76B5CF8604,1,40,225.04,1,1,4726,4726,4744,4691
2025-09-11T17:45:18.473182,0x24374C76B5CF8604,1,40,225.33,1,1,4743,4743,4761,4708
2025-09-11T17:45:19.565399,0x24374C76B5CF8604,1,40,224.81,1,1,4757,4757,4775,4722
2025-09-11T17:45:20.655856,0x24374C76B5CF8604,1,40,224.56,1,1,4770,4770,4788,4735
2025-09-11T17:45:21.747180,0x24374C76B5CF8604,1,40,225.14,1,1,4779,4779,4797,4744
2025-09-11T17:45:22.838365,0x24374C76B5CF8604,1,40,224.6,1,1,4788,4788,4806,4753
2025-09-11T17:45:23.927476,0x24374C76B5CF8604,1,40,225.17,1,1,4794,4794,4812,4759
2025-09-11T17:45:25.014711,0x24374C76B5CF8604,1,40,224.96,1,1,4808,4808,4826,4773
2025-09-11T17:45:26.105289,0x24374C76B5CF8604,1,40,225.05,1,1,4821,4821,4839,4786
2025-09-11T17:45:27.192302,0x24374C76B5CF8604,1,40,223.73,1,1,4843,4843,4861,4808
2025-09-11T17:45:28.267797,0x24374C76B5CF8604,1,40,222.27,1,1,4859,4859,4877,4824
2025-09-11T17:45:29.356793,0x24374C76B5CF8604,1,40,222.34,1,1,4870,4870,4888,4835
2025-09-11T17:45:30.450923,0x24374C76B5CF8604,1,40,221.06,1,1,4886,4886,4904,4851
2025-09-11T17:45:31.544627,0x24374C76B5CF8604,1,40,221.39,1,1,4892,4892,4910,4857
2025-09-11T17:45:32.635520,0x24374C76B5CF8604,1,40,220.74,1,1,4906,4906,4924,4871
2025-09-11T17:45:33.770885,0x24374C76B5CF8604,1,40,221.31,1,1,4918,4918,4936,4883
2025-09-11T17:45:34.860393,0x24374C76B5CF8604,1,40,220.83,1,1,4938,4938,4956,4903
2025-09-11T17:45:35.950179,0x24374C76B5CF8604,1,40,219.73,1,1,4951,4951,4969,4916
2025-09-11T17:45:37.036668,0x24374C76B5CF8604,1,40,220.36,1,1,4964,4964,4982,4929
2025-09-11T17:45:38.124205,0x24374C76B5CF8604,1,40,222.87,1,1,4974,4974,4992,4939
2025-09-11T17:45:39.212430,0x24374C76B5CF8604,1,40,222.2,1,1,4987,4987,5005,4952
2025-09-11T17:45:40.293099,0x24374C76B5CF8604,1,40,221.17,1,1,4999,4999,5017,4964
2025-09-11T17:45:41.384092,0x24374C76B5CF8604,1,40,220.6,1,1,5010,5010,5028,4975
2025-09-11T17:45:42.473625,0x24374C76B5CF8604,1,40,220.9,1,1,5022,5022,5040,4987
2025-09-11T17:45:43.569829,0x24374C76B5CF8604,1,40,220.74,1,1,5038,5038,5056,5003
2025-09-11T17:45:44.659643,0x24374C76B5CF8604,1,40,219.24,1,1,5052,5052,5070,5016
2025-09-11T17:45:45.747316,0x24374C76B5CF8604,1,40,218.96,1,1,5066,5066,5084,5030
2025-09-11T17:45:46.838051,0x24374C76B5CF8604,1,40,219.89,1,1,5077,5077,5095,5041
2025-09-11T17:45:47.925450,0x24374C76B5CF8604,1,40,221.5,1,1,5091,5091,5109,5055
2025-09-11T17:45:49.012200,0x24374C76B5CF8604,1,40,220.53,1,1,5104,5104,5122,5068
2025-09-11T17:45:50.102863,0x24374C76B5CF8604,1,40,220.8,1,1,5117,5117,5135,5081
2025-09-11T17:45:51.192392,0x24374C76B5CF8604,1,40,222.08,1,1,5130,5130,5148,5094
2025-09-11T17:45:52.287518,0x24374C76B5CF8604,1,40,222.38,1,1,5141,5141,5159,5105
2025-09-11T17:45:53.377956,0x24374C76B5CF8604,1,40,223.3,1,1,5153,5153,5171,5117
2025-09-11T17:45:54.464080,0x24374C76B5CF8604,1,40,223.06,1,1,5166,5166,5184,5130
2025-09-11T17:45:55.545032,0x24374C76B5CF8604,1,40,224.14,1,1,5184,5184,5202,5148
2025-09-11T17:45:56.635117,0x24374C76B5CF8604,1,40,223.93,1,1,5195,5195,5213,5159
2025-09-11T17:45:57.724180,0x24374C76B5CF8604,1,40,223.49,1,1,5206,5206,5224,5170
2025-09-11T17:45:58.813753,0x24374C76B5CF8604,1,40,223.06,1,1,5217,5217,5235,5181
2025-09-11T17:45:59.904672,0x24374C76B5CF8604,1,40,222.77,1,1,5227,5227,5245,5191
2025-09-11T17:46:00.995152,0x24374C76B5CF8604,1,40,223.31,1,1,5244,5244,5262,5208
2025-09-11T17:46:02.083081,0x24374C76B5CF8604,1,40,222.02,1,1,5257,5257,5275,5221
2025-09-11T17:46:03.172396,0x24374C76B5CF8604,1,40,221.54,1,1,5271,5271,5289,5235
2025-09-11T17:46:04.262266,0x24374C76B5CF8604,1,40,221.02,1,1,5284,5284,5302,5248
2025-09-11T17:46:05.343526,0x24374C76B5CF8604,1,40,222.17,1,1,5299,5299,5317,5263
2025-09-11T17:46:06.427322,0x24374C76B5CF8604,1,40,220.7,1,1,5310,5310,5328,5274
2025-09-11T17:46:07.511568,0x24374C76B5CF8604,1,40,221.42,1,1,5320,5320,5338,5284
2025-09-11T17:46:08.598533,0x24374C76B5CF8604,1,40,221.46,1,1,5333,5333,5351,5297
2025-09-11T17:46:09.684571,0x24374C76B5CF8604,1,40,221.13,1,1,5347,5347,5365,5311
2025-09-11T17:46:10.769376,0x24374C76B5CF8604,1,40,220.51,1,1,5359,5359,5377,5323
2025-09-11T17:46:11.864700,0x24374C76B5CF8604,1,40,220.28,1,1,5374,5374,5392,5338
2025-09-11T17:46:12.950569,0x24374C76B5CF8604,1,40,220.38,1,1,5381,5381,5399,5345
2025-09-11T17:46:14.043689,0x24374C76B5CF8604,1,40,219.53,1,1,5392,5392,5410,5356
2025-09-11T17:46:15.128305,0x24374C76B5CF8604,1,40,218.77,1,1,5404,5404,5422,5368
2025-09-11T17:46:16.211506,0x24374C76B5CF8604,1,40,218.27,1,1,5420,5420,5438,5384
2025-09-11T17:46:17.296325,0x24374C76B5CF8604,1,40,218.96,1,1,5435,5435,5453,5399
2025-09-11T17:46:18.386112,0x24374C76B5CF8604,1,40,218.3,1,1,5453,5453,5471,5417
2025-09-11T17:46:19.475182,0x24374C76B5CF8604,1,40,218.01,1,1,5463,5463,5481,5427
2025-09-11T17:46:20.568982,0x24374C76B5CF8604,1,40,217.34,1,1,5476,5476,5494,5440
2025-09-11T17:46:21.661194,0x24374C76B5CF8604,1,40,218.22,1,1,5486,5486,5504,5450
2025-09-11T17:46:22.748208,0x24374C76B5CF8604,1,40,218.06,1,1,5499,5499,5517,5463
2025-09-11T17:46:23.843954,0x24374C76B5CF8604,1,40,216.12,1,1,5508,5508,5526,5472
2025-09-11T17:46:24.934021,0x24374C76B5CF8604,1,40,216.01,1,1,5517,5517,5535,5481
2025-09-11T17:46:26.017594,0x24374C76B5CF8604,1,40,215.98,1,1,5530,5530,5548,5494
2025-09-11T17:46:27.105133,0x24374C76B5CF8604,1,40,217.24,1,1,5547,5547,5565,5511
2025-09-11T17:46:28.191541,0x24374C76B5CF8604,1,40,217.99,1,1,5558,5558,5576,5522
2025-09-11T17:46:29.277851,0x24374C76B5CF8604,1,40,218.74,1,1,5573,5573,5591,5537
2025-09-11T17:46:30.367329,0x24374C76B5CF8604,1,40,220.6,1,1,5584,5584,5602,5548
2025-09-11T17:46:31.460649,0x24374C76B5CF8604,1,40,220.65,1,1,5594,5594,5612,5558
2025-09-11T17:46:32.544330,0x24374C76B5CF8604,1,40,220.87,1,1,5608,5608,5626,5572
2025-09-11T17:46:33.638064,0x24374C76B5CF8604,1,40,221.96,1,1,5622,5622,5640,5586
2025-09-11T17:46:34.729665,0x24374C76B5CF8604,1,40,222.42,1,1,5645,5645,5663,5609
2025-09-11T17:46:35.814498,0x24374C76B5CF8604,1,40,221.42,1,1,5656,5656,5674,5620
2025-09-11T17:46:36.904077,0x24374C76B5CF8604,1,40,220.85,1,1,5666,5666,5684,5630
2025-09-11T17:46:37.994281,0x24374C76B5CF8604,1,40,221.61,1,1,5677,5677,5695,5641
2025-09-11T17:46:39.081897,0x24374C76B5CF8604,1,40,223.08,1,1,5694,5694,5712,5658
2025-09-11T17:46:40.171288,0x24374C76B5CF8604,1,40,223.94,1,1,5708,5708,5726,5672
2025-09-11T17:46:41.251462,0x24374C76B5CF8604,1,40,222.46,1,1,5721,5721,5739,5685
2025-09-11T17:46:42.342424,0x24374C76B5CF8604,1,40,221.4,1,1,5731,5731,5749,5695
2025-09-11T17:46:43.427177,0x24374C76B5CF8604,1,40,221.57,1,1,5738,5738,5756,5702
2025-09-11T17:46:44.520658,0x24374C76B5CF8604,1,40,220.45,1,1,5744,5744,5762,5708
2025-09-11T17:46:45.610843,0x24374C76B5CF8604,1,40,220.86,1,1,5756,5756,5774,5720
2025-09-11T17:46:46.701913,0x24374C76B5CF8604,1,40,220.19,1,1,5774,5774,5792,5738
2025-09-11T17:46:47.786631,0x24374C76B5CF8604,1,40,221.13,1,1,5795,5795,5813,5759
2025-09-11T17:46:48.874904,0x24374C76B5CF8604,1,40,222.28,1,1,5810,5810,5828,5774
2025-09-11T17:46:49.965635,0x24374C76B5CF8604,1,40,221.09,1,1,5824,5824,5842,5787
2025-09-11T17:46:51.047604,0x24374C76B5CF8604,1,40,220.98,1,1,5836,5836,5854,5799
2025-09-11T17:46:52.137562,0x24374C76B5CF8604,1,40,222.38,1,1,5846,5846,5864,5809
2025-09-11T17:46:53.209759,0x24374C76B5CF8604,1,40,223.13,1,1,5855,5855,5873,5818
2025-09-11T17:46:54.296730,0x24374C76B5CF8604,1,40,222.69,1,1,5868,5868,5886,5831
2025-09-11T17:46:55.389777,0x24374C76B5CF8604,1,40,221.27,1,1,5878,5878,5896,5841
2025-09-11T17:46:56.470299,0x24374C76B5CF8604,1,40,221.56,1,1,5893,5893,5911,5856
2025-09-11T17:46:57.557773,0x24374C76B5CF8604,1,40,219.52,1,1,5908,5908,5926,5871
2025-09-11T17:46:58.640827,0x24374C76B5CF8604,1,40,218.46,1,1,5925,5925,5943,5888
2025-09-11T17:46:59.706430,0x24374C76B5CF8604,1,40,218.85,1,1,5936,5936,5954,5899
2025-09-11T17:47:00.797155,0x24374C76B5CF8604,1,40,219.51,1,1,5949,5949,5967,5912
2025-09-11T17:47:01.885119,0x24374C76B5CF8604,1,40,219.47,1,1,5958,5958,5976,5921
2025-09-11T17:47:02.976236,0x24374C76B5CF8604,1,40,219.89,1,1,5971,5971,5989,5934
2025-09-11T17:47:04.065538,0x24374C76B5CF8604,1,40,219.65,1,1,5985,5985,6003,5948
2025-09-11T17:47:05.157298,0x24374C76B5CF8604,1,40,220.84,1,1,5999,5999,6017,5962
2025-09-11T17:47:06.251647,0x24374C76B5CF8604,1,40,220.56,1,1,6012,6012,6030,5975
2025-09-11T17:47:07.345150,0x24374C76B5CF8604,1,40,221.02,1,1,6023,6023,6041,5986
2025-09-11T17:47:08.411115,0x24374C76B5CF8604,1,40,220.07,1,1,6035,6035,6053,5998
2025-09-11T17:47:09.476549,0x24374C76B5CF8604,1,40,220.78,1,1,6043,6043,6061,6006
2025-09-11T17:47:10.550516,0x24374C76B5CF8604,1,40,220.52,1,1,6060,6060,6078,6023
2025-09-11T17:47:11.635951,0x24374C76B5CF8604,1,40,218.95,1,1,6072,6072,6090,6035
2025-09-11T17:47:12.707382,0x24374C76B5CF8604,1,40,218.75,1,1,6088,6088,6107,6051
2025-09-11T17:47:13.791601,0x24374C76B5CF8604,1,40,218.62,1,1,6101,6101,6120,6064
2025-09-11T17:47:14.854696,0x24374C76B5CF8604,1,40,219.52,1,1,6114,6114,6133,6077
2025-09-11T17:47:15.930347,0x24374C76B5CF8604,1,40,220.51,1,1,6130,6130,6149,6093
2025-09-11T17:47:17.019812,0x24374C76B5CF8604,1,40,221.17,1,1,6143,6143,6162,6106
2025-09-11T17:47:18.101859,0x24374C76B5CF8604,1,40,222.44,1,1,6155,6155,6174,6118
2025-09-11T17:47:19.167682,0x24374C76B5CF8604,1,40,221.15,1,1,6168,6168,6187,6131
2025-09-11T17:47:20.260532,0x24374C76B5CF8604,1,40,220.39,1,1,6178,6178,6197,6141
2025-09-11T17:47:21.355474,0x24374C76B5CF8604,1,40,219.36,1,1,6189,6189,6208,6152
2025-09-11T17:47:22.430419,0x24374C76B5CF8604,1,40,218.97,1,1,6199,6199,6218,6162
2025-09-11T17:47:23.524904,0x24374C76B5CF8604,1,40,218.37,1,1,6213,6213,6232,6176
2025-09-11T17:47:24.613437,0x24374C76B5CF8604,1,40,216.98,1,1,6229,6229,6248,6192
2025-09-11T17:47:25.691899,0x24374C76B5CF8604,1,40,216.83,1,1,6244,6244,6263,6207
2025-09-11T17:47:26.782697,0x24374C76B5CF8604,1,40,217.31,1,1,6256,6256,6275,6219
2025-09-11T17:47:27.869800,0x24374C76B5CF8604,1,40,217.57,1,1,6270,6270,6289,6233
2025-09-11T17:47:28.959250,0x24374C76B5CF8604,1,40,216.61,1,1,6283,6283,6304,6246
2025-09-11T17:47:30.055156,0x24374C76B5CF8604,1,40,215.87,1,1,6294,6294,6315,6257
2025-09-11T17:47:31.143800,0x24374C76B5CF8604,1,40,215.92,1,1,6307,6307,6328,6270
2025-09-11T17:47:32.237736,0x24374C76B5CF8604,1,40,216.85,1,1,6316,6316,6337,6279
2025-09-11T17:47:33.332416,0x24374C76B5CF8604,1,40,217.15,0.99,1,6330,6330,6352,6293
2025-09-11T17:47:34.422287,0x24374C76B5CF8604,1,40,217.05,0.99,1,6344,6344,6366,6307
2025-09-11T17:47:35.511586,0x24374C76B5CF8604,1,40,217.79,0.99,1,6360,6360,6382,6323
2025-09-11T17:47:36.600719,0x24374C76B5CF8604,1,40,218.94,0.99,1,6373,6373,6395,6336
2025-09-11T17:47:37.692051,0x24374C76B5CF8604,1,40,219.34,0.99,1,6386,6386,6408,6349
2025-09-11T17:47:38.781183,0x24374C76B5CF8604,1,40,218.31,0.99,1,6396,6396,6418,6359
2025-09-11T17:47:39.871593,0x24374C76B5CF8604,1,40,217.92,0.99,1,6401,6401,6423,6364
2025-09-11T17:47:40.957676,0x24374C76B5CF8604,1,40,218.13,0.99,1,6417,6417,6439,6380
2025-09-11T17:47:42.047380,0x24374C76B5CF8604,1,40,217.91,0.99,1,6432,6432,6454,6395
2025-09-11T17:47:43.131368,0x24374C76B5CF8604,1,40,218.27,0.99,1,6448,6448,6470,6411
2025-09-11T17:47:44.217688,0x24374C76B5CF8604,1,40,219.32,0.99,1,6461,6461,6483,6424
2025-09-11T17:47:45.304374,0x24374C76B5CF8604,1,40,220.14,0.99,1,6475,6475,6497,6438
2025-09-11T17:47:46.391068,0x24374C76B5CF8604,1,40,220.11,0.99,1,6489,6489,6512,6452
2025-09-11T17:47:47.478551,0x24374C76B5CF8604,1,40,221.66,0.99,1,6498,6498,6521,6461
2025-09-11T17:47:48.567076,0x24374C76B5CF8604,1,40,221.44,0.99,1,6512,6512,6535,6475
2025-09-11T17:47:49.660127,0x24374C76B5CF8604,1,40,221.87,0.99,1,6526,6526,6549,6489
2025-09-11T17:47:50.754802,0x24374C76B5CF8604,1,40,221.06,0.99,1,6537,6537,6560,6500
2025-09-11T17:47:51.844137,0x24374C76B5CF8604,1,40,220.68,0.99,1,6549,6549,6572,6512
2025-09-11T17:47:52.935612,0x24374C76B5CF8604,1,40,219.94,0.99,1,6560,6560,6583,6523
2025-09-11T17:47:54.029336,0x24374C76B5CF8604,1,40,219.82,0.99,1,6576,6576,6599,6539
2025-09-11T17:47:55.120808,0x24374C76B5CF8604,1,40,219.65,0.99,1,6588,6588,6612,6551
2025-09-11T17:47:56.245461,0x24374C76B5CF8604,1,40,220.51,0.99,1,6599,6599,6623,6562
2025-09-11T17:47:57.336012,0x24374C76B5CF8604,1,40,221.15,0.99,1,6611,6611,6635,6574
2025-09-11T17:47:58.420488,0x24374C76B5CF8604,1,40,222.66,0.99,1,6625,6625,6649,6587
2025-09-11T17:47:59.513097,0x24374C76B5CF8604,1,40,221.61,0.99,1,6639,6639,6664,6600
2025-09-11T17:48:00.608202,0x24374C76B5CF8604,1,40,222.3,0.99,1,6651,6651,6676,6611
2025-09-11T17:48:01.699682,0x24374C76B5CF8604,1,40,224.49,0.99,0.99,6664,6664,6689,6623
2025-09-11T17:48:02.795599,0x24374C76B5CF8604,1,40,223.86,0.99,0.99,6674,6674,6699,6633
2025-09-11T17:48:03.886435,0x24374C76B5CF8604,1,40,224.08,0.99,0.99,6688,6688,6713,6647
2025-09-11T17:48:04.962808,0x24374C76B5CF8604,1,40,224.05,0.99,0.99,6700,6700,6726,6659
2025-09-11T17:48:06.040706,0x24374C76B5CF8604,1,40,223.03,0.99,0.99,6717,6717,6744,6676
2025-09-11T17:48:07.116520,0x24374C76B5CF8604,1,40,222.26,0.99,0.99,6729,6729,6756,6688
2025-09-11T17:48:08.197501,0x24374C76B5CF8604,1,40,222.29,0.99,0.99,6736,6736,6763,6695
2025-09-11T17:48:09.267834,0x24374C76B5CF8604,1,40,222.65,0.99,0.99,6748,6748,6775,6707
2025-09-11T17:48:10.334991,0x24374C76B5CF8604,1,40,222.91,0.99,0.99,6760,6760,6787,6719
2025-09-11T17:48:11.402582,0x24374C76B5CF8604,1,40,222.6,0.99,0.99,6780,6780,6808,6739
2025-09-11T17:48:12.473770,0x24374C76B5CF8604,1,40,222.54,0.99,0.99,6792,6792,6820,6751
2025-09-11T17:48:13.548040,0x24374C76B5CF8604,1,40,223.2,0.99,0.99,6803,6803,6831,6762
2025-09-11T17:48:14.621355,0x24374C76B5CF8604,1,40,224.22,0.99,0.99,6817,6817,6845,6776
2025-09-11T17:48:15.696509,0x24374C76B5CF8604,1,40,225.16,0.99,0.99,6827,6827,6855,6786
2025-09-11T17:48:16.765479,0x24374C76B5CF8604,1,40,223.96,0.99,0.99,6835,6835,6863,6794
2025-09-11T17:48:17.829544,0x24374C76B5CF8604,1,40,223.27,0.99,0.99,6849,6849,6877,6808
2025-09-11T17:48:18.897509,0x24374C76B5CF8604,1,40,222.08,0.99,0.99,6862,6862,6890,6821
2025-09-11T17:48:19.974630,0x24374C76B5CF8604,1,40,220.84,0.99,0.99,6873,6873,6901,6832
2025-09-11T17:48:21.058064,0x24374C76B5CF8604,1,40,219.36,0.99,0.99,6884,6884,6912,6843
2025-09-11T17:48:22.128644,0x24374C76B5CF8604,1,40,219.52,0.99,0.99,6893,6893,6921,6852
2025-09-11T17:48:23.203789,0x24374C76B5CF8604,1,40,218.69,0.99,0.99,6907,6907,6935,6866
2025-09-11T17:48:24.291387,0x24374C76B5CF8604,1,40,219.5,0.99,0.99,6924,6924,6952,6883
2025-09-11T17:48:25.381939,0x24374C76B5CF8604,1,40,220.33,0.99,0.99,6940,6940,6968,6898
2025-09-11T17:48:26.435908,0x24374C76B5CF8604,1,40,221.6,0.99,0.99,6956,6956,6984,6914
2025-09-11T17:48:27.521427,0x24374C76B5CF8604,1,40,222.57,0.99,0.99,6966,6966,6994,6924
2025-09-11T17:48:28.604495,0x24374C76B5CF8604,1,40,222.06,0.99,0.99,6980,6980,7008,6938
2025-09-11T17:48:29.693143,0x24374C76B5CF8604,1,40,222.06,0.99,0.99,6996,6996,7024,6953
2025-09-11T17:48:30.786456,0x24374C76B5CF8604,1,40,221.43,0.99,0.99,7009,7009,7037,6966
2025-09-11T17:48:31.869543,0x24374C76B5CF8604,1,40,221.86,0.99,0.99,7021,7021,7049,6978
2025-09-11T17:48:32.963486,0x24374C76B5CF8604,1,40,222.88,0.99,0.99,7031,7031,7059,6988
2025-09-11T17:48:34.053698,0x24374C76B5CF8604,1,40,220.84,0.99,0.99,7044,7044,7072,7001
2025-09-11T17:48:35.149417,0x24374C76B5CF8604,1,40,219.91,0.99,0.99,7060,7060,7088,7017
2025-09-11T17:48:36.234710,0x24374C76B5CF8604,1,40,220.12,0.99,0.99,7071,7071,7099,7028
2025-09-11T17:48:37.341195,0x24374C76B5CF8604,1,40,220.9,0.99,0.99,7087,7087,7115,7044
2025-09-11T17:48:38.430932,0x24374C76B5CF8604,1,40,220.71,0.99,0.99,7101,7101,7129,7058
2025-09-11T17:48:39.520338,0x24374C76B5CF8604,1,40,220.37,0.99,0.99,7114,7114,7142,7071
2025-09-11T17:48:40.614286,0x24374C76B5CF8604,1,40,220.11,0.99,0.99,7126,7126,7154,7083
2025-09-11T17:48:41.704265,0x24374C76B5CF8604,1,40,220.27,0.99,0.99,7137,7137,7165,7094
2025-09-11T17:48:42.796764,0x24374C76B5CF8604,1,40,220.33,0.99,0.99,7146,7146,7174,7103
2025-09-11T17:48:43.884470,0x24374C76B5CF8604,1,40,219.94,0.99,0.99,7158,7158,7186,7115
2025-09-11T17:48:44.972792,0x24374C76B5CF8604,1,40,219.98,0.99,0.99,7171,7171,7199,7128
2025-09-11T17:48:46.060942,0x24374C76B5CF8604,1,40,221.33,0.99,0.99,7191,7191,7219,7148
2025-09-11T17:48:47.142349,0x24374C76B5CF8604,1,40,221.44,0.99,0.99,7202,7202,7230,7159
2025-09-11T17:48:48.227587,0x24374C76B5CF8604,1,40,221.72,0.99,0.99,7213,7213,7241,7170
2025-09-11T17:48:49.313361,0x24374C76B5CF8604,1,40,221.72,0.99,0.99,7228,7228,7256,7185
2025-09-11T17:48:50.406261,0x24374C76B5CF8604,1,40,221.53,0.99,0.99,7238,7238,7266,7195
2025-09-11T17:48:51.497992,0x24374C76B5CF8604,1,40,220.9,0.99,0.99,7252,7252,7280,7209
2025-09-11T17:48:52.592110,0x24374C76B5CF8604,1,40,220.63,0.99,1,7263,7263,7291,7220
2025-09-11T17:48:53.689264,0x24374C76B5CF8604,1,40,219.63,0.99,1,7277,7277,7305,7234
2025-09-11T17:48:54.781753,0x24374C76B5CF8604,1,40,219.58,1,1,7290,7290,7318,7247
2025-09-11T17:48:55.868686,0x24374C76B5CF8604,1,40,219.48,1,1,7306,7306,7334,7262
2025-09-11T17:48:56.958395,0x24374C76B5CF8604,1,40,218.14,1,1,7316,7316,7344,7272
2025-09-11T17:48:58.046406,0x24374C76B5CF8604,1,40,217.6,1,1,7330,7330,7358,7286
2025-09-11T17:48:59.129197,0x24374C76B5CF8604,1,40,218.17,1,1,7339,7339,7367,7295
2025-09-11T17:49:00.226222,0x24374C76B5CF8604,1,40,217.92,1,1,7356,7356,7384,7312
2025-09-11T17:49:01.319070,0x24374C76B5CF8604,1,40,217.94,1,1,7369,7369,7397,7325
2025-09-11T17:49:02.404400,0x24374C76B5CF8604,1,40,217.58,1,1,7377,7377,7405,7333
2025-09-11T17:49:03.491969,0x24374C76B5CF8604,1,40,218.06,1,1,7388,7388,7416,7344
2025-09-11T17:49:04.584702,0x24374C76B5CF8604,1,40,216.39,1,1,7402,7402,7430,7358
2025-09-11T17:49:05.674875,0x24374C76B5CF8604,1,40,215.81,1,1,7420,7420,7448,7376
2025-09-11T17:49:06.760774,0x24374C76B5CF8604,1,40,215.42,1,1,7424,7424,7452,7380
2025-09-11T17:49:07.850490,0x24374C76B5CF8604,1,40,215.88,1,1,7432,7432,7460,7388
2025-09-11T17:49:08.937537,0x24374C76B5CF8604,1,40,218.08,1,1,7445,7445,7473,7401
2025-09-11T17:49:10.027286,0x24374C76B5CF8604,1,40,217.9,1,1,7462,7462,7490,7418
2025-09-11T17:49:11.118083,0x24374C76B5CF8604,1,40,218.86,1,1,7478,7478,7506,7434
2025-09-11T17:49:12.206743,0x24374C76B5CF8604,1,40,218.37,1,1,7488,7488,7516,7443
2025-09-11T17:49:13.300571,0x24374C76B5CF8604,1,40,219.61,1,0.99,7505,7505,7534,7458
2025-09-11T17:49:14.394344,0x24374C76B5CF8604,1,40,219.42,1,0.99,7515,7515,7544,7468
2025-09-11T17:49:15.484483,0x24374C76B5CF8604,1,40,221.14,1,0.99,7530,7530,7559,7483
2025-09-11T17:49:16.572080,0x24374C76B5CF8604,1,40,222.38,1,0.99,7545,7545,7574,7498
2025-09-11T17:49:17.655780,0x24374C76B5CF8604,1,40,222.23,1,0.99,7558,7558,7587,7509
2025-09-11T17:49:18.746194,0x24374C76B5CF8604,1,40,220.73,1,0.99,7570,7570,7599,7521
2025-09-11T17:49:19.840237,0x24374C76B5CF8604,1,40,219.03,1,0.99,7581,7581,7610,7532
2025-09-11T17:49:20.932225,0x24374C76B5CF8604,1,40,219.67,1,0.99,7594,7594,7623,7545
2025-09-11T17:49:22.029008,0x24374C76B5CF8604,1,40,217.94,1,0.99,7606,7606,7635,7557
2025-09-11T17:49:23.114473,0x24374C76B5CF8604,1,40,218.11,1,0.99,7617,7617,7646,7568
2025-09-11T17:49:24.201647,0x24374C76B5CF8604,1,40,218.79,1,0.99,7629,7629,7659,7580
2025-09-11T17:49:25.287021,0x24374C76B5CF8604,1,40,220.18,1,0.99,7642,7642,7673,7593
2025-09-11T17:49:26.385096,0x24374C76B5CF8604,1,40,220.11,0.99,0.99,7657,7657,7689,7608
2025-09-11T17:49:27.468254,0x24374C76B5CF8604,1,40,218.56,0.99,0.99,7669,7669,7701,7619
2025-09-11T17:49:28.557551,0x24374C76B5CF8604,1,40,218.32,0.99,0.99,7680,7680,7712,7630
2025-09-11T17:49:29.645379,0x24374C76B5CF8604,1,40,218.3,0.99,0.99,7691,7691,7723,7641
2025-09-11T17:49:30.740931,0x24374C76B5CF8604,1,40,219.24,0.99,0.99,7704,7704,7736,7654
2025-09-11T17:49:31.835096,0x24374C76B5CF8604,1,40,218.48,0.99,0.99,7718,7718,7751,7668
2025-09-11T17:49:32.914714,0x24374C76B5CF8604,1,40,218.47,0.99,0.99,7731,7731,7764,7681
2025-09-11T17:49:34.010663,0x24374C76B5CF8604,1,40,218.97,0.99,0.99,7744,7744,7777,7694
2025-09-11T17:49:35.088033,0x24374C76B5CF8604,1,40,217.29,0.99,0.99,7758,7758,7791,7708
2025-09-11T17:49:36.165271,0x24374C76B5CF8604,1,40,214.56,0.99,0.99,7773,7773,7806,7723
2025-09-11T17:49:37.239158,0x24374C76B5CF8604,1,40,214.04,0.99,0.99,7783,7783,7816,7733
2025-09-11T17:49:38.315866,0x24374C76B5CF8604,1,40,214.64,0.99,0.99,7796,7796,7829,7746
2025-09-11T17:49:39.396929,0x24374C76B5CF8604,1,40,214.34,0.99,0.99,7811,7811,7844,7761
2025-09-11T17:49:40.472931,0x24374C76B5CF8604,1,40,214.86,0.99,0.99,7823,7823,7856,7773
2025-09-11T17:49:41.543597,0x24374C76B5CF8604,1,40,215.64,0.99,0.99,7836,7836,7869,7786
2025-09-11T17:49:42.618082,0x24374C76B5CF8604,1,40,216.48,0.99,0.99,7845,7845,7878,7795
2025-09-11T17:49:43.692275,0x24374C76B5CF8604,1,40,217.91,0.99,0.99,7862,7862,7895,7812
2025-09-11T17:49:44.764880,0x24374C76B5CF8604,1,40,217.65,0.99,0.99,7875,7875,7908,7825
2025-09-11T17:49:45.835105,0x24374C76B5CF8604,1,40,218.06,0.99,0.99,7890,7890,7923,7840
2025-09-11T17:49:46.909655,0x24374C76B5CF8604,1,40,217.66,0.99,0.99,7901,7901,7934,7851
2025-09-11T17:49:47.976055,0x24374C76B5CF8604,1,40,215.42,0.99,0.99,7917,7917,7950,7867
2025-09-11T17:49:49.055026,0x24374C76B5CF8604,1,40,216.51,0.99,0.99,7926,7926,7959,7876
2025-09-11T17:49:50.130035,0x24374C76B5CF8604,1,40,214.9,0.99,0.99,7936,7936,7969,7886
2025-09-11T17:49:51.205668,0x24374C76B5CF8604,1,40,215.66,0.99,0.99,7941,7941,7974,7891
2025-09-11T17:49:52.287863,0x24374C76B5CF8604,1,40,215.76,0.99,0.99,7950,7950,7983,7900
2025-09-11T17:49:53.362346,0x24374C76B5CF8604,1,40,217.21,0.99,0.99,7969,7969,8002,7918
2025-09-11T17:49:54.432306,0x24374C76B5CF8604,1,40,216.81,0.99,0.99,7971,7971,8004,7920
2025-09-11T17:49:55.509090,0x24374C76B5CF8604,1,40,217.25,0.99,0.99,7983,7983,8016,7932
2025-09-11T17:49:56.582962,0x24374C76B5CF8604,1,40,217.14,0.99,0.99,7994,7994,8027,7943
2025-09-11T17:49:57.659913,0x24374C76B5CF8604,1,40,217.23,0.99,0.99,8022,8022,8055,7971
2025-09-11T17:49:58.738230,0x24374C76B5CF8604,1,40,218.33,0.99,0.99,8042,8042,8075,7991
2025-09-11T17:49:59.810006,0x24374C76B5CF8604,1,40,218.06,0.99,0.99,8054,8054,8087,8003
2025-09-11T17:50:00.885896,0x24374C76B5CF8604,1,40,218.72,0.99,0.99,8069,8069,8102,8018
2025-09-11T17:50:01.958108,0x24374C76B5CF8604,1,40,217.64,0.99,0.99,8080,8080,8113,8029
2025-09-11T17:50:03.034652,0x24374C76B5CF8604,1,40,217.43,0.99,0.99,8095,8095,8128,8044
2025-09-11T17:50:04.110765,0x24374C76B5CF8604,1,40,217.3,0.99,0.99,8108,8108,8141,8057
2025-09-11T17:50:05.194209,0x24374C76B5CF8604,1,40,215.93,0.99,0.99,8120,8120,8153,8068
2025-09-11T17:50:06.267570,0x24374C76B5CF8604,1,40,216.15,0.99,0.99,8129,8129,8162,8077
2025-09-11T17:50:07.334681,0x24374C76B5CF8604,1,40,216.72,0.99,0.99,8141,8141,8174,8089
2025-09-11T17:50:08.407377,0x24374C76B5CF8604,1,40,217.05,0.99,0.99,8153,8153,8186,8101
2025-09-11T17:50:09.476724,0x24374C76B5CF8604,1,40,218.26,0.99,0.99,8171,8171,8204,8119
2025-09-11T17:50:10.552921,0x24374C76B5CF8604,1,40,218.05,0.99,0.99,8182,8182,8215,8130
2025-09-11T17:50:11.628611,0x24374C76B5CF8604,1,40,217.65,0.99,0.99,8194,8194,8227,8142
2025-09-11T17:50:12.702862,0x24374C76B5CF8604,1,40,218.01,0.99,0.99,8204,8204,8237,8152
2025-09-11T17:50:13.769532,0x24374C76B5CF8604,1,40,219.26,1,1,8220,8220,8253,8168
2025-09-11T17:50:14.841710,0x24374C76B5CF8604,1,40,219.2,1,1,8227,8227,8260,8175