timestamp,gateway_address,node_address,event_name,event_tag
2025-09-12T15:18:38.927947,0x24374C76B5CF8604,0xDBD14A8C2AB0CE32,NODE_JOINED,
2025-09-12T15:18:38.951889,0x24374C76B5CF8604,0xDF773BB80AF0C2F9,NODE_JOINED,
2025-09-12T15:18:39.009799,0x24374C76B5CF8604,0x93B9409637347BA4,NODE_JOINED,
2025-09-12T15:18:39.020768,0x24374C76B5CF8604,0xC82CA0F38D2A15E9,NODE_JOINED,
2025-09-12T15:18:39.056848,0x24374C76B5CF8604,0x0C9A20E2E5E6F54C,NODE_JOINED,
2025-09-12T15:18:39.079753,0x24374C76B5CF8604,0x9AB59A717BC7F74D,NODE_JOINED,
2025-09-12T15:18:39.240291,0x24374C76B5CF8604,0x038C701874C52B20,NODE_JOINED,
2025-09-12T15:18:39.331887,0x24374C76B5CF8604,0x588D2578218A459B,NODE_JOINED,
2025-09-12T15:18:39.355813,0x24374C76B5CF8604,0xDCE0471FD437E359,NODE_JOINED,
2025-09-12T15:18:39.395875,0x24374C76B5CF8604,0x15D5017AA3800F1E,NODE_JOINED,
2025-09-12T15:18:40.277797,0x24374C76B5CF8604,0xC3DC334F29158BC2,NODE_JOINED,
2025-09-12T15:18:40.324050,0x24374C76B5CF8604,0x2AD3880D2C9D1E8F,NODE_JOINED,
2025-09-12T15:18:40.335766,0x24374C76B5CF8604,0x40FC2256FB47388C,NODE_JOINED,
2025-09-12T15:18:40.369735,0x24374C76B5CF8604,0x7694C881B384EE03,NODE_JOINED,
2025-09-12T15:18:40.382796,0x24374C76B5CF8604,0xB962B4F6A50A6F76,NODE_JOINED,
2025-09-12T15:18:40.634914,0x24374C76B5CF8604,0x10A8355E7687831A,NODE_JOINED,
2025-09-12T15:18:40.647786,0x24374C76B5CF8604,0xDFD017EB417D107C,NODE_JOINED,
2025-09-12T15:18:40.658794,0x24374C76B5CF8604,0xE37BBA04F9D3FE89,NODE_JOINED,
2025-09-12T15:18:40.716758,0x24374C76B5CF8604,0x1A836AA1A5524991,NODE_JOINED,
2025-09-12T15:18:40.751673,0x24374C76B5CF8604,0x6B46BAF4D7A85A28,NODE_JOINED,
2025-09-12T15:18:41.234876,0x24374C76B5CF8604,0x35CE7BC91E0F3535,NODE_JOINED,
2025-09-12T15:18:41.247824,0x24374C76B5CF8604,0xC5050714D7852A85,NODE_JOINED,
2025-09-12T15:18:41.281711,0x24374C76B5CF8604,0xAD89E8BD0C51208E,NODE_JOINED,
2025-09-12T15:18:41.314713,0x24374C76B5CF8604,0x6CE02E64CFA45053,NODE_JOINED,
2025-09-12T15:18:41.327698,0x24374C76B5CF8604,0xF32E9A8AD1330DAA,NODE_JOINED,
2025-09-12T15:18:41.338694,0x24374C76B5CF8604,0x7E98AD7EB9DDF59E,NODE_JOINED,
2025-09-12T15:18:41.615737,0x24374C76B5CF8604,0xD7594C7965872E3B,NODE_JOINED,
2025-09-12T15:18:41.626776,0x24374C76B5CF8604,0x0AB87C44C20B0149,NODE_JOINED,
2025-09-12T15:18:41.661756,0x24374C76B5CF8604,0x613FD651ED0CEF84,NODE_JOINED,
2025-09-12T15:18:41.845761,0x24374C76B5CF8604,0xC8B80BC5F6082B14,NODE_JOINED,
2025-09-12T15:18:41.868687,0x24374C76B5CF8604,0xBBD5A9C611DA3321,NODE_JOINED,
2025-09-12T15:18:41.891747,0x24374C76B5CF8604,0x8287A487A221DC74,NODE_JOINED,
2025-09-12T15:18:41.927777,0x24374C76B5CF8604,0xF0191FAE600A683B,NODE_JOINED,
2025-09-12T15:18:41.937840,0x24374C76B5CF8604,0x3D8C803B29CDFEE5,NODE_JOINED,
2025-09-12T15:18:41.950819,0x24374C76B5CF8604,0x92D09B92D4C096B7,NODE_JOINED,
2025-09-12T15:18:41.984787,0x24374C76B5CF8604,0x564C682ACC9A2E04,NODE_JOINED,
2025-09-12T15:18:41.996766,0x24374C76B5CF8604,0xB166C8B51AA6AFB4,NODE_JOINED,
2025-09-12T15:18:42.007799,0x24374C76B5CF8604,0x730E9A42C083C69A,NODE_JOINED,
2025-09-12T15:18:42.434727,0x24374C76B5CF8604,0xEB1CBDD50E237596,NODE_JOINED,
2025-09-12T15:18:42.509236,0x24374C76B5CF8604,0xA8AA71AD0EECCFEA,NODE_JOINED,
2025-09-12T15:18:42.527728,0x24374C76B5CF8604,0x170A5A45AE7877A0,NODE_JOINED,
2025-09-12T15:18:42.826835,0x24374C76B5CF8604,0x57459F680F660A9F,NODE_JOINED,
2025-09-12T15:18:42.838806,0x24374C76B5CF8604,0x17D0F99D09B254CD,NODE_JOINED,
2025-09-12T15:18:42.896554,0x24374C76B5CF8604,0xBB3EB8601B7E9133,NODE_JOINED,
2025-09-12T15:18:42.918743,0x24374C76B5CF8604,0x4A4698749A3DF602,NODE_JOINED,
2025-09-12T15:18:42.952690,0x24374C76B5CF8604,0x44B408F1766E0BF5,NODE_JOINED,
2025-09-12T15:18:43.171728,0x24374C76B5CF8604,0x663CFC5276CFCEAB,NODE_JOINED,
2025-09-12T15:18:43.217706,0x24374C76B5CF8604,0x7DE4C0586D06974B,NODE_JOINED,
2025-09-12T15:18:43.287750,0x24374C76B5CF8604,0x258B330DDDAFDE9C,NODE_JOINED,
2025-09-12T15:18:43.322712,0x24374C76B5CF8604,0x0A833E78880C6DC5,NODE_JOINED,
2025-09-12T15:18:43.549603,0x24374C76B5CF8604,0xF1B028C6B39693A5,NODE_JOINED,
2025-09-12T15:18:43.613672,0x24374C76B5CF8604,0x18AEAF2D1A44956C,NODE_JOINED,
2025-09-12T15:18:43.714675,0x24374C76B5CF8604,0x4FB05AEE6FCA046D,NODE_JOINED,
2025-09-12T15:18:43.876835,0x24374C76B5CF8604,0x7AB893A1407FC78B,NODE_JOINED,
2025-09-12T15:18:43.933612,0x24374C76B5CF8604,0x83C6ECAC460B23F3,NODE_JOINED,
2025-09-12T15:18:43.956735,0x24374C76B5CF8604,0xE465587BB61A99A9,NODE_JOINED,
2025-09-12T15:18:43.990695,0x24374C76B5CF8604,0xBEBAD533DADE0490,NODE_JOINED,
2025-09-12T15:18:44.015730,0x24374C76B5CF8604,0xED02BE5529D07C34,NODE_JOINED,
2025-09-12T15:18:44.025711,0x24374C76B5CF8604,0x151148302FD6F5A2,NODE_JOINED,
2025-09-12T15:18:44.036724,0x24374C76B5CF8604,0xB7B971F84F29BAE7,NODE_JOINED,
2025-09-12T15:18:44.059713,0x24374C76B5CF8604,0xCD9FC2F10292D689,NODE_JOINED,
2025-09-12T15:18:44.105712,0x24374C76B5CF8604,0xC48AACFD77448F11,NODE_JOINED,
2025-09-12T15:18:44.129805,0x24374C76B5CF8604,0x62EA2424EC725377,NODE_JOINED,
2025-09-12T15:18:44.429799,0x24374C76B5CF8604,0x0314C3596BF55EB0,NODE_JOINED,
2025-09-12T15:18:44.520730,0x24374C76B5CF8604,0xFB986FD3DFD36E63,NODE_JOINED,
2025-09-12T15:18:44.785733,0x24374C76B5CF8604,0x554EC897971DCF18,NODE_JOINED,
2025-09-12T15:18:44.798718,0x24374C76B5CF8604,0x3879F53E18494531,NODE_JOINED,
2025-09-12T15:18:44.821711,0x24374C76B5CF8604,0x34CC9F023F7278AC,NODE_JOINED,
2025-09-12T15:18:44.832724,0x24374C76B5CF8604,0x13D398E530317D6F,NODE_JOINED,
2025-09-12T15:18:44.855691,0x24374C76B5CF8604,0xDC878301DB6B0590,NODE_JOINED,
2025-09-12T15:18:44.901728,0x24374C76B5CF8604,0x3EFC6553DEE09DD1,NODE_JOINED,
2025-09-12T15:18:44.937792,0x24374C76B5CF8604,0x7AA3DC93896A316C,NODE_JOINED,
2025-09-12T15:18:45.189775,0x24374C76B5CF8604,0xC063EDB67C4CCA58,NODE_JOINED,
2025-09-12T15:18:45.202808,0x24374C76B5CF8604,0x70F6661004F7ACD8,NODE_JOINED,
2025-09-12T15:18:45.270729,0x24374C76B5CF8604,0x42ADEC8748A3212B,NODE_JOINED,
2025-09-12T15:18:45.328642,0x24374C76B5CF8604,0x040877A02041BD1D,NODE_JOINED,
2025-09-12T15:18:45.352735,0x24374C76B5CF8604,0xC4FAE708729C9496,NODE_JOINED,
2025-09-12T15:18:48.073792,0x24374C76B5CF8604,0x4A59DBDDD9A34F45,NODE_JOINED,
